URL,Description,Type
https://github.com/qgis/QGIS-Documentation,,software
https://github.com/mattb112885/clusterDbAnalysis,ITEP   Integrated Toolkit for Exploration of microbial Pan genomes,software
https://github.com/IronLanguages/main,Implementations of Python and Ruby programming languages for  NET Framework that are built on top of the Dynamic Language Runtime ,software
https://github.com/DmitryBaranovskiy/g.raphael,Charts for Rapha l,software
https://github.com/chef/minitest-chef-handler,Run minitest suites after your Chef recipes to check the status of your system ,software
https://github.com/tobami/codespeed,A web application to monitor and analyze the performance of your code,software
https://github.com/feedhq/feedhq,FeedHQ is a web based feed reader,software
https://github.com/ndmitchell/hoogle,Haskell API search engine,software
https://github.com/chef-cookbooks/openssh,Development repository for Chef openssh cookbook,software
https://github.com/thlorenz/readdirp,Recursive version of fs readdir with streaming api ,software
https://github.com/stsquad/emacs_chrome,A Chromium  clone  of It s All Text for spawning an editor to edit text areas in browsers  Based on David Hilley s original Chromium extension ,software
https://github.com/bainternet/Admin-Page-Class,create custom WordPress  Admin option Pages,software
https://github.com/mhayashi1120/Emacs-wgrep,Writable grep buffer and apply the changes to files,software
https://github.com/NYCPython/wheretomeetup,Connecting Meetup organizers with hosts and sponsors ,software
https://github.com/ajhager/libgdx-sbt-project.g8,A g  template for developing Scala games using libgdx ,software
https://github.com/grails-plugins/grails-quartz,This project provides integration of the Quartz scheduling framework into the Grails Framework,software
https://github.com/grgrzybek/tomcat-slf4j-logback,Tomcat  SLF J and Logback integration,software
https://github.com/stephenfewer/grinder,Grinder is a system to automate the fuzzing of web browsers and the management of a large number of crashes ,software
https://github.com/tsauvine/rubyric,Rubric based assessment tool,software
https://github.com/barryo/nagios-plugins,Plugins for Nagios,software
https://github.com/groeck/lm-sensors,Clone of lm sensors svn repository,software
https://github.com/TakahikoKawasaki/nv-i18n,Package to support internationalization  containing ISO        country code enum  ISO       language code enum  etc ,software
https://github.com/newsapps/p2p-python,Wrapper for Tribune s Content Services API,software
https://github.com/orcasgit/python-fitbit,Fitbit API Python Client Implementation,software
https://github.com/hadley/pryr,Pry open the covers of R,software
https://github.com/jmoiron/sqlx,general purpose extensions to golang s database sql,software
https://github.com/Jimdo/JimFlowPrint,,software
https://github.com/nmrML/nmrML,nmrML is an open mark up language for NMR data  This is the official repository for development of the nmrML schema and NMR ontology ,software
https://github.com/joshmcarthur/inquest,A host your own  private Q A application  a la StackOverflow  Created at Railscamp NZ     ,software
https://github.com/davearonson/pull-request-roulette,Site to match up developers with people willing to comment on their pull requests,software
https://github.com/OliverLetterer/SLCoreDataStack,CoreData stack managing independent   NSManagedObjectContext instances,software
https://github.com/faye/websocket-driver-node,WebSocket protocol handler with pluggable I O,software
https://github.com/ethomson/jagged,java bindings to libgit ,software
https://github.com/the-linux-schools-project/karoshi-client,Central repository for Karoshi Client development,software
https://github.com/Jotunn/KBNHud,My TF  HUD  Go to the wiki for info  screenshots  and more  Join the steam group for updates  announcements  to ask questions  and contact me here  http   steamcommunity com groups KBNHud,software
https://github.com/rendermani/ascio-whmcs-plugin,Ascio module for WHMCS,software
https://github.com/CasaTeam/MetroExplorer,Full featured file manager,software
https://github.com/Lind-Project/native_client,native client trusted code base,software
https://github.com/jsgilmore/gostorm,GoStorm is a Go library that implements the communications protocol required to write Storm spouts and Bolts in Go that communicate with the Storm shells ,software
https://github.com/getsentry/sentry-jira,A Plugin for sentry that lets you create JIRA issues,software
https://github.com/hitrace/hitrace,HiTRACE,software
https://github.com/synergy/synergy,,software
https://github.com/baconjs/bacon.jquery,,software
https://github.com/CellProfiler/python-javabridge,Python wrapper for the Java Native Interface,software
https://github.com/g0v/newshelper-backend,         API server,software
https://github.com/manywho/ManyWho_Service_Salesforce,,software
https://github.com/JavaMoney/jsr354-api,JSR       Money and Currency API,software
https://github.com/VioletGiraffe/cppcheck-vs-addin,Visual Studio integration for cppcheck  an open source static code analyzer for C  ,software
https://github.com/DasIch/argvard,Python framework for command line applications,software
https://github.com/theforeman/foreman_templates,A plugin for Foreman to sync provisioning templates from an external source,software
https://github.com/culturemesh/culturemeshdevteam,This is the place for awesome CultureMesh code    bringing the world together  one network at a time ,software
https://github.com/rantav/flask-restful-swagger,A Swagger spec extractor for flask restful,software
https://github.com/osulp/CorvallisTour,The Corvallis Tour application is an accompanying mobile website for a guided tour in Corvallis ,software
https://github.com/balanced/omnibus-balanced,omnibus packaging for balanced projects,software
https://github.com/scalafx/ProScalaFX,Pro JavaFX  book source codes translated to ScalaFX,software
https://github.com/DockYard/postgres_ext-serializers,,software
https://github.com/mikedld/bt-migrate,Torrent state migration tool,software
https://github.com/starterkits/rails4-starterkit,Rails     starter app with production ready performance  security  and authentication ,software
https://github.com/2ezgg/2ezgg.github.io,The website of  ez gg,software
https://github.com/atom/grammar-selector,Pick a grammar for the current editor,software
https://github.com/GNUtn/eventoL,eventoL is a conference and install fest management software initially developed to manage FLISoL conference   install fest ,software
https://github.com/Birdasaur/FXyz,JavaFX  D Visualization and Component Library,software
https://github.com/MySiteApp/node-safari-push-notifications,Helper methods for generating resources required by Apple s Safari Push Notifications ,software
https://github.com/redhat-cip/config-tools,Config Tools,software
https://github.com/repo-utils/org-labels,A tool to help manage organization wide GitHub issue labels ,software
https://github.com/ToxicBakery/ViewPagerTransforms,Library containing common animations needed for transforming ViewPager scrolling for Android v    ,software
https://github.com/mpopp75/db4free-net-l10n,db free net website localization,software
https://github.com/Munter/pipetteur,A function to extract any colors from a string,software
https://github.com/gh2o/digitalocean-debian-to-arch,Script to convert a Debian installation on DigitalOcean to Arch Linux,software
https://github.com/kjda/ReactJs-Phonegap,A boilerplate ReactJS Phonegap Cordova App   Flux data flow,software
https://github.com/aldebaran/libqi-java,QiMessaging Java bindings,software
https://github.com/mcollina/msgpack5,A msgpack v  implementation for node js  with extension points   msgpack org Node ,software
https://github.com/CopticScriptorium/corpora,Public repository for Coptic SCRIPTORIUM Corpora Releases,software
https://github.com/KenanY/alea-random, lodash random  but using Alea,software
https://github.com/rwjblue/broccoli-jshint,,software
https://github.com/TomSeldon/gulp-gjslint,Gulp plugin to lint Javascript using Google Closure linter,software
https://github.com/rthome/SharpNoise,A library for generating coherent noise ,software
https://github.com/samcook/RedLock.net,An implementation of the Redlock algorithm in C ,software
https://github.com/domenic/ecmarkdown,A shorthand language for writing ECMAScript style algorithms  inspired by Markdown,software
https://github.com/touchandswipe/bravefrontier,Brave Frontier PROs   Game Guides,software
https://github.com/OSGeo/tilecache,Tilecache,software
https://github.com/matthijsgroen/rspec-shell-expectations,TDD your shell scripts using RSpec,software
https://github.com/Ludeon/RimWorld-Dutch,Dutch translation of RimWorld ,software
https://github.com/salsita/geo-tree,JS library implementing tree structure for working with map related objects ,software
https://github.com/fourthbit/spheres,Spheres   A set of tools and libraries for practical Scheme  Multiplatform and Mobile ,software
https://github.com/ndexbio/ndex-webapp,client side infrastructure and examples for accessing an NDEx Server,software
https://github.com/Themekraft/wc4bp-xprofile,WooCommerce BuddyPress Integration xProfile Checkout Manager,software
https://github.com/nkostadinov/yii2-taxonomy,Yii  taxonomy extension,software
https://github.com/GSA/punchcard,Repository of synonyms  protected words  stop words  and localizations,software
https://github.com/vmware/pyvcloud,Python SDK for VMware vCloud,software
https://github.com/mmistakes/made-mistakes-jekyll,mademistakes com website codebase  built using Jekyll ,software
https://github.com/jswhit/pygrib, Python interface for reading and writing GRIB data ,software
https://github.com/elementary/mvp,The elementary io Website,software
https://github.com/dun1007/fateanother,Fast paced  v  Hero Deathmatch Dota   custom game,software
https://github.com/Purdue-ACM-SIGAPP/Purdue,All In One Purdue App,software
https://github.com/jclausen/cbmongodb,MongoDB Connectivity and Active Entity Service for the Coldbox Framework,software
https://github.com/electro7/dotfiles,Config files for linux  master ,software
https://github.com/BartKrol/tvmanager,Favourite shows tracking webapp,software
https://github.com/johnkors/IdentityServer3.Contrib.Localization,Localization support for IdentityServer ,software
https://github.com/nodejs/nodejs-fr,Node js en fran ais ,software
https://github.com/zyga/padme,A mostly transparent proxy class for Python,software
https://github.com/nmdp-bioinformatics/service-epitope,T cell epitope group matching service for HLA DPB  locus,software
https://github.com/BunsenLabs/bunsen-images,Artwork for logos  icons  avatars  backgrounds,software
https://github.com/mhaas/fbwlan,A simple  easy social wlan hotspot  Exchange internet access for Facebook check ins,software
https://github.com/getgrav/grav-theme-learn2,,software
https://github.com/kpanic/pollicino,Street search  spiced up with multiple storage and geocoders,software
https://github.com/epheo/shaddock-openstack,Typical OpenStack in Docker templates to be deployed with Panama,software
https://github.com/FAForever/db,FAForever database,software
https://github.com/olear/openfx-arena,Extra OpenFX plugins for Natron,software
https://github.com/mgrp/django-distill,Minimal configuration static site generator for Django,software
https://github.com/stefanzweifel/imgubox,Store Imgur favorites in Dropbox,software
https://github.com/eleweek/histsync,Cloud Bash History app using python and flask,software
https://github.com/OpenCageData/php-opencage-geocode,A PHP library that uses OpenCage Data s geocoder ,software
https://github.com/T00rk/bootstrap-material-datetimepicker,Datepicker for bootstrap material,software
https://github.com/stingerlabs/ember-graph,Ember persistence library for complex object graphs,software
https://github.com/erfg12/clanmod-jka,Multiplayer mod for Jedi Academy ,software
https://github.com/chef-partners/marketplace_image,A Chef cookbook and tools for building Chef Server marketplace images,software
https://github.com/enkelmedia/TheDashboard,Magic dashboard for Umbraco,software
https://github.com/Xevib/osmbot,OpenStreetMap Telegram bot,software
https://github.com/bonniee/learning-react-native,Code samples for the book Learning React Native ,software
https://github.com/arogozhnikov/hep_ml,Machine learning algorithms for high energy physics ,software
https://github.com/Fandora/mdl-react,Material Design Lite   React,software
https://github.com/ckdake/wolfbrains,When Where Highgroovers have come from and gone to ,software
https://github.com/sphereio/commercetools-php-sdk,,software
https://github.com/PolymerElements/font-roboto-local,,software
https://github.com/brahalla/Cerberus,A demonstration of a completely stateless and RESTful token based authorization system using JSON Web Tokens  JWT  and Spring Security ,software
https://github.com/otakup0pe/avakas,Version metadata manipulation,software
https://github.com/KaiKikuchi/QuickShop,A shop plugin for Bukkit,software
https://github.com/jaideepkekre/MediBot,An AI   NLP based expert system to assist doctors improve screening of patients and diagnosis   ,software
https://github.com/guardian/kinesis-logback-appender,LOGBack Appender for writing data into a Kinesis Stream,software
https://github.com/rackerlabs/heat-ci,Test and example Heat templates for testing Cloud Orchestration,software
https://github.com/ember-fastboot/ember-fastboot-server,Production server for running Ember applications using FastBoot,software
https://github.com/chrisguitarguy/RequestIdBundle,Add request ID s to your Symfony application ,software
https://github.com/eastlakeside/interpy-zh, Chinese Translation  of  IntermediatePython                forked from yasoob intermediatePython,software
https://github.com/gregttn/GTToast,Library written in Swift which allows toast notifcations to be displayed,software
https://github.com/iffy/generalconference,Programming friendly General Conference,software
https://github.com/OGGM/oggm,Open Global Glacier Model ,software
https://github.com/Integreat/cms,,software
https://github.com/JKISoftware/Caraya,Assertion and unit test framework for LabVIEW ,software
https://github.com/zenoplex/back-tube,Display YouTube video as background in DOM element ,software
https://github.com/msztolcman/versionner,Manipulating versions is easy ,software
https://github.com/bmeurant/ember-array-contains-helper,Ember helper to test the presence of a value in an array,software
https://github.com/ant-tool/atool-test,Test tool based on Karma,software
https://github.com/purescript-node/purescript-node-child-process,Spawn child processes in PureScript via the Node js child process API ,software
https://github.com/dogweather/repo-health-check,Analyze a project  How are the maintainers doing ,software
https://github.com/joeyklee/urbanco2,interactive web site to communicate about urban co  emissions,software
https://github.com/sotch-pr35mac/syng,Sync  Search  Save  Study   Syng is a free  open source  Chinese To English app for desktops ,software
https://github.com/GSE-Project/SS2016-group1,,software
https://github.com/leo/cory,Tiny generator for static sites,software
https://github.com/runspired/flexi,Just a layout framework  Design for cross platform with ease ,software
https://github.com/booknds/sge,A simple grahical editor to create Swagger definitions  ,software
https://github.com/KyleHunter/OSR-Reflection,Reflection include to be used with simba for cheating on oldschool runescape   https   www villavu com,software
https://github.com/praekeltfoundation/docker-django-bootstrap,Dockerfile for quickly running Django projects in a Docker container,software
https://github.com/dimok789/homebrew_launcher,WiiU Homebrew Launcher,software
https://github.com/gravity00/SimpleSOAPClient,Lightweight SOAP client for invoking HTTP SOAP endpoints,software
https://github.com/andela-oosiname/mgt,,software
https://github.com/orestes/harvest-languages,,software
https://github.com/fernahh/fernahh.github.io,,software
https://github.com/eneko/Ninety-Nine-Swift-Solutions,Solutions to the Ninety Nine Swift Problems  http   enekoallonso com projects    swift problems ,software
https://github.com/jazzaj/home-assistant-homematic,Integrating homematic devices into Home Assistant using pyhomematic,software
https://github.com/kubespray/kargo,Setup a kubernetes cluster,software
https://github.com/jashaj/spring-boot-thymeleaf-fragments,Demo project for partial template updates with Thymeleaf,software
https://github.com/humaan/Modaal,An accessible dialog window library for all humans ,software
https://github.com/openstack-charmers/release-tools,,software
https://github.com/peterjosling/scroball,Universal Last fm scrobbler for Android,software
https://github.com/NYUDataBootcamp/Materials,Materials used in class when teaching Data Bootcamp at NYU Stern ,software
https://github.com/hfgolino/EGA,,software
https://github.com/philhagen/sof-elk,Configuration files for the SOF ELK VM  used in SANS FOR   ,software
https://github.com/akeating/peap,PEAP   Phoenix Elixir Angular Postgres,software
https://github.com/FastFlowDebate/FastFlow,Flowing and filing system for highschool debate,software
https://github.com/WSO2Telco/component-ids,components related to Identity server   ,software
https://github.com/OpenShiftDemos/openshift-cd-demo,,software
https://github.com/micuintus/harbour-Berlin-vegan,,software
https://github.com/dn-m/GraphicsTools,General purpose tools for streamlining graphical design patterns for iOS and macOS applications,software
https://github.com/hackerkid/bots,Curated list of resources on bots,software
https://github.com/RaRe-Technologies/smart_open,Utils for streaming large files  S   HDFS  gzip  bz     ,software
https://github.com/ream88/stylelint-config-idiomatic-order,stylelint   idiomatic css     ,software
https://github.com/talkable/talkable-ruby,Talkable Ruby Gem to make your own referral program,software
https://github.com/mccrodp/marketo_rest,Fork of Marketo MA module for integrating with Marketo s REST API,software
https://github.com/discourse/discourse-adplugin,Official Discourse Advertising Plugin   Install   Start Serving Ads on Your Discourse Forum,software
https://github.com/electricbookworks/electric-book,An Electric Book series template,software
https://github.com/ReproNim/simple_workflow,,software
https://github.com/An-Sar/PrimalCore,Issue Tracking,software
https://github.com/danschultzer/receipt-scanner,Receipt scanner extracts information from your PDF or image receipts,software
https://github.com/BruceEckel/OnJava8-Examples,Code Examples for the eBook  On Java   ,software
https://github.com/darkskyapp/astro,,software
https://github.com/tryswift/trySwiftNYC,,software
https://github.com/gristlabs/grainjs,Javascript library from Grist Labs,software
https://github.com/jayfk/cookiecutter-saas,A highly specialised project template for SaaS websites based on Django and  optionally  React   Redux,software
https://github.com/bcgov/MyGovBC-notification-server,,software
https://github.com/mikemill/rq_retry_scheduler,,software
https://github.com/infeng/react-viewer,react image viewer,software
https://github.com/domaindrivendev/rswag,Seamlessly adds a Swagger to Rails based API s,software
https://github.com/Charcoal-SE/charcoal-se.github.io,Website for Charcoal,software
https://github.com/gpeipman/TemperatureStation,Simple temperature measuring system,software
https://github.com/giscafer/hexo-theme-cafe,A theme of Hexo                ,software
https://github.com/wix/wix-http-testkit,,software
https://github.com/tzsk/sms,Laravel     or Higer SMS Gateway Integration Package,software
https://github.com/koekeishiya/homebrew-formulae,Homebrew formulae,software
https://github.com/derhuerst/vbb-stations-with-wifi,All VBB stations with free wifi ,software
https://github.com/syntax-tree/hast-util-to-mdast,Transform HAST to MDAST,software
https://github.com/MMF-FE/vue-typescript,vue  x that use typescript ,software
https://github.com/gifnksm/emscripten-sys,Emscripten API bindings for Rust,software
https://github.com/chinesedfan/parrot-mocker-web,Simple web server to forward received requests to real servers or just mock,software
https://github.com/reactjs/prop-types,Runtime type checking for React props and similar objects,software
https://github.com/DevlessTeam/dv-android-sdk-1.0,,software
https://github.com/Melown/vts-browser-js,JavaScript WebGL  D maps rendering engine,software
https://github.com/18F/identity-site,The login gov site,software
https://github.com/NAVCoin/navcoin-core,bitcoin core      fork ported for Nav Coin,software
https://github.com/umpirsky/UmpirskyI18nRoutingBundle,Internationalized routing with minimal performance cost ,software
https://github.com/hover2pi/svo_filters,A Python wrapper for the SVO Filter Profile Service,software
https://github.com/dvsa/mot-public-api,MOT Public API,software
https://github.com/mkubecek/vmware-host-modules,Patches needed to build VMware  Player and Workstation  host modules against recent kernels,software
https://github.com/gnustep/libs-gui,The GNUstep gui library is a library of graphical user interface classes written completely in the Objective C language  the classes are based upon Apple s Cocoa framework  which came from the OpenStep specification       Larger patches require copyright ,software
https://github.com/adityadua24/robopy,Robopy is a python port for Robotics Toolbox in Matlab created by Peter Corke,software
https://github.com/sudheerj/generator-jhipster-primeng,Generate PrimeNG component samples,software
https://github.com/Hadron-Ledger/hadron,Easily deployed and managed private blockchains for enterprise and development use ,software
https://github.com/ExpediaDotCom/haystack-ui,,software
https://github.com/jojojames/dired-sidebar,Sidebar for Emacs leveraging Dired,software
https://github.com/nathanjsweet/ebpf,eBPF Utilities  Maps  and more,software
https://github.com/minetest-mods/item_drop,,software
https://github.com/BCLab-UNM/SwarmBaseCode-ROS,,software
https://github.com/vulnersCom/api,Vulners Python API wrapper,software
https://github.com/flathub/org.videolan.VLC,,software
https://github.com/anchore/anchore-engine,Anchore Engine Service,software
https://github.com/fulcrologic/fulcro-lein-template,A bare bones lein template,software
https://github.com/MatMoul/quickdial-webext,QuickDial is a WebExt Dial page for Firefox,software
https://github.com/etalab/geo.data.gouv.fr,Trouvez facilement les donn es g ographiques dont vous avez besoin,software
https://github.com/BAndysc/WoWDatabaseEditor,Editor for Smart Scripts for TrinityCore based servers ,software
https://github.com/robashaw/libecpint,A C   library for the efficient evaluation of integrals over effective core potentials ,software
https://github.com/Arignir/chaos-2,My own implementation of a kernel   Attempt  ,software
https://github.com/decentraland/ipfs-node,A proxy to connect to the IPFS network,software
https://github.com/GtkSharp/GtkSharp,C  wrapper for Gtk and other related libraries,software
https://github.com/absinthe-graphql/absinthe-socket,Core JavaScript support for Absinthe WS based operations,software
https://github.com/axZerk/gulp-starter-kit,,software
https://github.com/NetCoreTemplates/react-spa, NET Core     React Bootstrap Webpack App,software
https://github.com/spotahome/redis-operator,Redis Operator creates configures manages redis clusters atop Kubernetes ,software
https://github.com/ahdinosaur/ssb-pub,easily host your own Secure ScuttleButt  SSB  pub in a docker container,software
https://github.com/Gehstock/Mist_FPGA,,software
https://github.com/vishnu2kmohan/beakerx-dcos-docker,BeakerX designed to run on Mesosphere DC OS,software
https://github.com/igorkulman/SwiftPascalInterpreter, WIP  Simple Swift interpeted for the Pascal language inmspired by https   ruslanspivak com lsbasi part  ,software
https://github.com/tipsy/github-profile-summary,,software
https://github.com/FlyingRoastDuck/Pytorch-DukeMTMC-Baseline,A Pytorch based Imlemention of DukeMTMC reID baseline AlexNet ResNet   Resnet   ,software
https://github.com/lbighetti/hades,,software
https://github.com/yermak/AudioBookConverter,Improved AudioBookConverter based on freeipodsoftware release,software
https://github.com/IBM/watson-discovery-ui,,software
https://github.com/xwp/ampconf,WordPress AMP Canonical theme to demo at AMP Conf,software
https://github.com/tmcgilchrist/transformers-either,transformers either,software
https://github.com/githublitao/api_automation_test,            ,software
https://github.com/CharlyJazz/Rails-Graphql-React-Apollo,Other great application with avant garde technologies,software
https://github.com/gumil/Kaskade,State Machine for Kotlin and Android,software
https://github.com/ninoseki/mitaka,A Chrome Extension makes search engines friendly with urlscan io,software
https://github.com/chiras/foxbot,,software
https://github.com/OpenSecuritySummit/oss2018,Open Security Summit     ,software
https://github.com/icfpcontest2018/icfpcontest2018.github.io,,software
https://github.com/internap/python-mockserver-client,Friendly python client to James Bloom s awesome MockServer,software
https://github.com/ivmartel/dwv-vue,Medical viewer using DWV  DICOM Web Viewer  and Vue js ,software
https://github.com/iotexproject/iotex-core,Connecting the Physical World Block by Block,software
https://github.com/viad00/cuda_sync_editing,,software
https://github.com/amberframework/granite,ORM Model with Adapters for mysql  pg  sqlite in the Crystal Language ,software
https://github.com/ZhongyangMA/ZhongyangMA.github.io,GitHub Pages,software
https://github.com/glnds/masl,Assume an AWS Role and using Onelogin,software
https://github.com/mpa139/allanlab,Allan Lab website,software
https://github.com/mlivesu/cinolib,A generic programming header only C   library for processing polygonal and polyhedral meshes,software
https://github.com/gbdev/database,JSON database of every Homebrew Hub entries  Propose here additions  improvements and fixes  every change propagates to Homebrew Hub ,software
https://github.com/CryptoAgainstHumanity/crypto-against-humanity,,software
https://github.com/jp112sdl/HB-UNI-Sen-WEA,,software
https://github.com/codyloyd/odin-bot-v2,,software
https://github.com/miguelpruivo/plugins_flutter_file_picker,File picker plugin for Flutter  compatible with both iOS   Android  ,software
https://github.com/computerjazz/react-native-draggable-flatlist,A drag and drop enabled FlatList for React Native,software
https://github.com/volosoft/abp,ABP vNext,software
https://github.com/BitGo/key-recovery-service-v2,Key Recovery Service server for all v  coins and ERC   tokens,software
https://github.com/UW-GAC/GENESIS,GENetic EStimation and Inference in Structured samples  GENESIS   Statistical methods for analyzing genetic data from samples with population structure and or relatedness,software
https://github.com/openshift-cs/okd.io,Source files used to build the https   www okd io site,software
https://github.com/felixfbecker/PowerGit,Fork of GitAutomationCore that runs on PSCore  Windows  Linux  macOS  ,software
https://github.com/armujahid/hnreact,,software
https://github.com/apavlidi/IT_API,The Internet services of the IT department of Alexander Technological Education Institute of Thessaloniki,software
https://github.com/MichaelAquilina/flake8-spellcheck,Spellcheck variables  classnames  comments  docstrings etc,software
https://github.com/sciris/sciris,Flexible user interface for scientific simulations,software
https://github.com/Lucx14/zombie-infection,final project game,software
https://github.com/wilkinsona/project-generator,,software
https://github.com/Dash-Industry-Forum/DASH-IF-Conformance,This repository provides the source code for MPEG DASH DASH IF Conformance Software Validator  It has been extended according to further standards  such as CMAF  DVB DASH  and HbbTV ,software
https://github.com/jdf2e/yep-react,,software
https://github.com/paperbits/paperbits-styles,,software
https://github.com/muralibasani/kafkawize,A Web application which automates the process of creating and browsing Kafka components  by introducing  roles authorizations to users of various teams of an organization ,software
https://github.com/marshallmcmullen/ebash,,software
https://github.com/pikap3w/agile-learning-platform,,software
https://github.com/JimmySnails/Cytopia,,software
https://github.com/esphome/hassio,,software
https://github.com/Friendly0Fire/GW2Radial,A customizable radial menu overlay addon for Guild Wars   ,software
https://github.com/tanhakabir/SwiftAudioPlayer,,software
https://github.com/gorgone/s3_releases,Simplebuild   Releases,software
https://github.com/EzioReturner/RATurbo-react-admin,RATurbo react admin system solution   react           ,software
https://github.com/theochem/roberto,Collection of configurable development workflows,software
https://github.com/NOAA-EMC/HAFS,Hurricane Analysis and Forecast System,software
https://github.com/kubeedge/beehive,Communication Framework,software
https://github.com/GroupePSA/groupepsa.github.io,,software
https://github.com/Qelifern/IronFurnaces,,software
https://github.com/eos-vision/eos-vision-front,components for SinglePageApplication from EOS Vision,software
https://github.com/leolabs/you-need-a-parser,Convert CSV files to a format that can be imported in YNAB,software
https://github.com/cardstack/ui-components,WIP Reusable UI elements for Cardstack projects and Ember apps ,software
https://github.com/shimohq/sdk-cabinet,   SDK     ,software
https://github.com/shahroq/whale_c5_cheat_sheet,Whale Concrete  Cheat Sheet,software
https://github.com/twilio/twilio-cli-core,Core functionality for the twilio cli,software
https://github.com/zx6658/css-in-js-media,css in js styling with easy media query npm,software
https://github.com/apache/dubbo-samples,samples for Apache Dubbo,software
https://github.com/Tristimdorion/Lab-Rats-2,Tracking Lab Rats   Official Releases,software
https://github.com/BukerKo/coderunner-service,,software
https://github.com/AntSimi/py-eddy-tracker,,software
https://github.com/grafolean/grafolean,Easy to use monitoring system,software
https://github.com/m-inan/react-native-music-app,React Native Music Application Example,software
https://github.com/clone45/voxglitch,Modules for VCV Rack,software
https://github.com/petruki/switcher-api,NodeJs cloud based Feature Flag API,software
https://github.com/christophery/geist,Geist is a personal blogging theme for WordPress  This theme is a port of Casper     the default theme for Ghost ,software
https://github.com/angular-material-extensions/select-country,Angular Material component that allow users to select a country or nationality with an autocomplete feature,software
https://github.com/jeziellago/FlowNav,Annotation processor that provides better navigation on android multi modules projects ,software
https://github.com/cachix/pre-commit-hooks.nix,Seamless integration of https   pre commit com git hooks with Nix ,software
https://github.com/lemonmade/remote-ui,,software
https://github.com/just-ai/aimybox-ios-sdk,Voice assistant SDK for iOS devices written in Swift,software
https://github.com/zowe/zowe-cli-scs-plugin,The secure credential store plugin for Zowe CLI  leveraging keytar and the OS keychain to securely access and store sensitive user credentials normally stored in CLI profiles ,software
https://github.com/chipsalliance/aib-phy-hardware,Advanced Interface Bus  AIB  die to die hardware open source,software
https://github.com/graknlabs/simulation,Grakn World Simulation,software
https://github.com/wso2/product-mi-tooling,Tooling for Micro Integrator,software
https://github.com/premieroctet/openchakra,   Visual editor for Chakra UI,software
https://github.com/graphql-nexus/nexus-future,Delightful GraphQL Application Framework,software
https://github.com/datawire/ambassador-operator,,software
https://github.com/among/fusus,,software
https://github.com/AerialRobotics-IITK/ariitk_best_practices,Guidelines to writing a good package ,software
https://github.com/Dev-Thought/nx-plugins,A collection of NX plugins baked with love   ,software
https://github.com/puppetlabs/puppet-editor-services,Puppet Language Server for editors,software
https://github.com/kunai-consulting/OpenTrace,Inspired by TraceTogether and written in response to COVID     OpenTrace is an application that can record user data and detect the presence of other BLE handsets and devices,software
https://github.com/hive-engine/nitrous,Steem Engine Tokem Customized UI  based on Steemit condenser,software
https://github.com/heavenshell/ts-lehre,Generate document block JsDoc EsDoc TsDoc  from source code,software
https://github.com/samotari/bleskomat,The open source software   hardware  project to build an inexpensive Lightning Network ATM,software
https://github.com/typeofweb/functional-orm,     typesafe SQL querybuilder ,software
https://github.com/sb-mig/sb-mig,CLI to rule the world   and handle stuff related to Storyblok CMS ,software
https://github.com/connext/indra,Monorepo containing everything related to the core Connext protocols and network ,software
https://github.com/codycodes/gix-mkrfridays-iot,,software
https://github.com/keewis/blackdoc,run black on documentation code snippets,software
https://github.com/faucetsdn/ryu,Ryu component based software defined networking framework,software
https://github.com/luke11brown/UK-TopSky-Controller-Pack,A controller pack for VATSIM UK Enroute Controllers includidng TopSky  vSMR and UK controller plugins,software
https://github.com/yanivam/react-svg-worldmap,A pure react component to visualize world maps with highlighted countries  Simple  Free  No Registration  No access token  No back end service ,software
https://github.com/NiceLabs/atorch-console,Atorch Console for UD    Web Bluetooth based ,software
https://github.com/IBM/KubeflowDojo,Repository to hold code  instructions  demos and pointers to presentation assets for Kubeflow Dojo,software
https://github.com/aticu/pre,A rust crate to aid offer compile time assistance when working with unsafe code ,software
https://github.com/dnsimple/dnsimple-python,The DNSimple API client for Python https   developer dnsimple com,software
https://github.com/tomcontileslie/ThatChord,A python script which converts a chord into a diagram for any stringed instrument ,software
https://github.com/negrel/hugo-theme-pico, black circle  Pico is a minimalist  readable  responsive  light and beautiful Hugo theme ,software
https://github.com/openshift/assisted-installer-agent,,software
https://github.com/NatSR4/Exalendar,,software
https://github.com/logappopen/Log_app,Wsp lny projekt open source dla junior w,software
https://github.com/asyncapi/shape-up-process,This repo contains pitches and the current cycle bets  More info about the Shape Up process  https   basecamp com shapeup,software
https://github.com/confusedcoder1/coterie,Coterie   Group of individuals with similar interests  here Gaming ,software
https://github.com/dopplr-labs/dopplr,Dopplr is an analytical tool for creating beautiful dashboards from sql queries,software
https://github.com/nano-devs/Musicfy-Bot,Discord music bot made in Java using JDA and Lavaplayer,software
https://github.com/portsoc/Web-Canvas-Stick-Figures,An example for showing scripting on the Web,software
https://github.com/MattGuerrette/VixenEngine,Open Source C   Game Engine,documentation 
https://github.com/artemis-nerds/protocol-docs,Unofficial documentation for the Artemis network and file protocols  written by the Artemis community,documentation 
https://github.com/vchernoy/dreamjob,,documentation 
https://github.com/awsdocs/aws-cloudformation-user-guide,The open source version of the AWS CloudFormation User Guide,documentation 
https://github.com/atomist/docs,End user documentation sources and generator,documentation 
https://github.com/faif/python-patterns,A collection of design patterns idioms in Python,documentation 
https://github.com/binarybucks/mqttitude,A Google Latitude replacement based on MQTT,deleted
https://github.com/SymBB/symbb,a free Symfony   BBCode Forum,deleted
https://github.com/pryv/lib-javascript,Pryv Javascript library for browsers   Node js,deleted
https://github.com/calibreworks/calibrefx,Calibrefx WordPress Themes Framework,deleted
https://github.com/egoroof/yandex-music-fisher,Downloader for                               Chromium extension ,deleted
https://github.com/couchbaselabs/Couchbase-Lite-Demo-CRM,Enterprise demo application for Couchbase Mobile,deleted
https://github.com/artesanosDeSoftware/website,Website del sitio de la comunidad de Artesanos de Software,deleted
https://github.com/LendingClub/macgyver,DevOps Multi Tool,deleted
https://github.com/symless/synergy,Share one mouse and keyboard between multiple computers on your desk ,deleted
https://github.com/CDxVirt/k8sup,Using One Docker container to bootstrap a HA Kubernetes cluster,deleted
https://github.com/logux/logux-sync,,deleted
https://github.com/LLC-CERERIS/big.d,MVC Web framework for D ,deleted
https://github.com/latteware/koa-react-base,This is a Koa React base project,deleted
https://github.com/dada1134/fire-bot-discord,,deleted
https://github.com/FrostBite5/frostbite-ceg,A game about getting console errors ,deleted
https://github.com/stantmob/stant-concrete,CSS UI,deleted
https://github.com/dromejs/drome,,deleted
https://github.com/hexonet/whmcs-ispapi-helper,This just includes helper classes to share them in all our WHMCS Modules ,deleted
https://github.com/bdbell/VoronDocs,Draft base for Voron documentation,deleted
https://github.com/matija077/FixYourCity,,classwork
https://github.com/hohsiangwu/kdd-2018-hands-on-tutorials,Feature Extraction and Summarization with Sequence to Sequence Learning,classwork
https://github.com/avigad/mathematics_in_lean_source,Source code for the Mathematics in Lean tutorial ,classwork